Order Number,Plan,Total Price,Created At
04bcce8ebd,Monthly Plan,$6.00,"Aug 12, 2012, 6:41:42 AM"
325e095d02,Monthly Plan,$6.00,"Sep 11, 2012, 11:01:40 AM"
4fa527a1d6,Monthly Plan,$6.00,"Oct 11, 2012, 11:01:08 AM"
97d97021e9,Monthly Plan,$6.00,"Nov 11, 2012, 12:01:47 PM"
84a2a1b8d2,Monthly Plan,$6.00,"Dec 11, 2012, 7:50:02 AM"
ad4df65b70,Monthly Plan,$6.00,"Jan 11, 2013, 7:00:13 AM"
74b20c371d,Monthly Plan,$6.00,"Feb 11, 2013, 7:07:18 AM"
450b7fc494,Monthly Plan,$6.00,"Mar 11, 2013, 6:00:45 AM"
8479877c6f,Monthly Plan,$6.00,"Apr 11, 2013, 6:00:46 AM"
da20e82e01,Monthly Plan,$6.00,"May 11, 2013, 6:00:48 AM"
f5bca78e40,Monthly Plan,$6.00,"Jun 11, 2013, 6:01:17 AM"
a5383d1ecf,Monthly Plan,$6.00,"Jul 11, 2013, 6:00:41 AM"
abfed90b8b,Monthly Plan,$6.00,"Aug 11, 2013, 6:00:49 AM"
e91fd2fef5,Monthly Plan,$6.00,"Sep 11, 2013, 6:00:56 AM"
8babefd78f,Monthly Plan,$6.00,"Oct 11, 2013, 6:00:04 AM"
4c0d724b01,Monthly Plan,$6.00,"Nov 11, 2013, 7:00:30 AM"
66aeca4be6,Monthly Plan,$6.00,"Dec 11, 2013, 7:00:25 AM"
6fce0437b2,Annual Plan,$59.00,"Apr 9, 2014, 1:09:10 AM"
53c158d14a,Annual Plan,$59.00,"Apr 8, 2015, 6:03:54 AM"
5167df24e1,Monthly Plan,$6.00,"Apr 12, 2015, 3:45:06 PM"
1e3956078a,Monthly Plan,$6.00,"May 11, 2015, 6:13:06 AM"
c5e1c9c0d2,Monthly Plan,$6.00,"Jun 11, 2015, 6:12:21 AM"
35cde37e1e,Monthly Plan,$6.00,"Jul 11, 2015, 6:11:22 AM"
7637e81274,Monthly Plan,$6.00,"Aug 11, 2015, 6:10:45 AM"
dea5a3c081,Monthly Plan,$6.00,"Sep 11, 2015, 6:11:53 AM"
267ae10377,Monthly Plan,$6.00,"Oct 11, 2015, 6:09:01 AM"
3b707c0395,Monthly Plan,$6.00,"Nov 11, 2015, 7:13:53 AM"
7eea9e9390,Monthly Plan,$6.00,"Dec 12, 2015, 7:24:45 AM"
45209fcd3d,Monthly Plan,$6.00,"Jan 11, 2016, 7:12:14 AM"
c5bf484680,Monthly Plan,$6.00,"Feb 11, 2016, 7:11:35 AM"
ce8d189a83,Monthly Plan,$6.00,"Mar 11, 2016, 7:13:02 AM"
6c7e9abcf8,Monthly Plan,$6.00,"Apr 11, 2016, 6:12:56 AM"
9b7d77f357,Monthly Plan,$6.00,"May 11, 2016, 6:12:56 AM"
c3784ac25b,Monthly Plan,$6.00,"Jul 11, 2016, 6:14:54 AM"
a8c07e9dbc,Monthly Plan,$6.00,"Aug 11, 2016, 6:11:25 AM"
845cf60921,Monthly Plan,$6.00,"Sep 11, 2016, 6:11:57 AM"
14be5467ba,Monthly Plan,$6.00,"Oct 11, 2016, 6:12:14 AM"
326273c243,Monthly Plan,$6.00,"Nov 11, 2016, 7:32:13 AM"
1f7a538a46,Monthly Plan,$6.00,"Dec 11, 2016, 7:27:43 AM"
3e1acd2dc3,Monthly Plan,$6.00,"Jan 11, 2017, 7:35:59 AM"
794883ad56,Monthly Plan,$6.00,"Feb 11, 2017, 7:23:52 AM"
e70a12c083,Monthly Plan,$6.00,"Mar 11, 2017, 7:23:14 AM"
856bf40927,Monthly Plan,$6.00,"Apr 11, 2017, 6:27:11 AM"
71d2cc573d,Monthly Plan,$6.00,"May 11, 2017, 6:25:56 AM"
ee9768611e,Monthly Plan,$6.00,"Jun 11, 2017, 6:21:34 AM"
382192995e,Monthly Plan,$6.00,"Jul 11, 2017, 6:21:35 AM"
0610f3b0a5,Monthly Plan,$6.00,"Aug 11, 2017, 6:22:06 AM"
6262ee0608,Monthly Plan,$6.00,"Sep 11, 2017, 6:22:36 AM"
25dd80b654,Monthly Plan,$6.00,"Oct 11, 2017, 6:21:16 AM"
f3e139eb43,Monthly Plan,$6.00,"Nov 11, 2017, 7:18:39 AM"
256bfbd300,Monthly Plan,$7.99,"Mar 19, 2018, 2:49:05 PM"
2d762a6fd7,Monthly Plan,$7.99,"Apr 18, 2018, 6:23:14 AM"
3ac4438926,Monthly Plan,$7.99,"May 18, 2018, 6:21:47 AM"
0d5a9e3065,Monthly Plan,$7.99,"Jun 18, 2018, 6:23:45 AM"
047954754a,Annual Plan,$59.99,"Jul 18, 2018, 6:32:10 AM"
b0f6ab2c79,Annual Plan,$59.99,"Jul 18, 2019, 6:07:57 AM"
b1d7594736,Annual Plan,$59.99,"Aug 18, 2020, 6:07:14 AM"
584e26e02f,Annual Plan,$59.99,"Aug 18, 2021, 6:05:57 AM"
